jose,raine,fiona,katelyn,avi,harry
MSFT,AAPL,NVDA,AMZN,META,GOOGL
GOOG,LLY,AVGO,BRKB,JPM,TSLA
XOM,UNH,V,PG,COST,MA
JNJ,HD,MRK,ABBV,WMT,NFLX
CVX,BAC,AMD,ADBE,KO,CRM
ORCL,PEP,QCOM,TMO,LIN,WFC
AMAT,ACN,MCD,DIS,ABT,TXN
INTU,CSCO,AMGN,DHR,GE,CAT
NOW,IBM,PFE,ISRG,PM,VZ
CMCSA,MU,NEE,UBER,SPGI,LRCX
HON,UNP,T,BKNG,COP,GS
RTX,INTC,ELV,LOW,ETN,TJX
PGR,VRTX,MS,SYK,AXP,C
ADI,BSX,LMT,BA,BLK,KLAC
PANW,REGN,SCHW,MDT,PLD,MMC
CB,UPS,DE,ADP,CI,TMUS
NKE,SNPS,AMT,BX,CRWD,SBUX
ANET,MDLZ,FI,CMG,GILD,WM
SO,BMY,CDNS,APH,CL,ICE
MO,DUK,MCK,TT,CVS,EOG
EQIX,GD,ZTS,CME,KKR,FCX
TGT,SHW,TDG,BDX,SLB,ITW
FDX,CSX,MCO,PH,MSI,HCA
CEG,EMR,WELL,ORLY,USB,PNC
MPC,ECL,PYPL,AON,MRVL,CTAS
ABNB,ROP,PSX,NOC,APD,AJG
MMM,EW,MAR,HLT,CARR,PCAR
ADSK,GM,TFC,WMB,PLTR,VLO
AZO,AFL,COF,AIG,F,MCHP
DLR,ROST,NSC,NEM,SRE,OKE
WDAY,GEV,APO,SPG,CPRT,KMB
TRV,AEP,TEL,O,PCG,PSA
WCN,DXCM,HUM,BK,JCI,TTD
HES,URI,LHX,CCI,MET,AMP
STZ,COIN,ALL,PRU,FIS,DHI
D,MRNA,SMCI,SNOW,IDXX,RSG
GWW,OXY,FERG,OTIS,AME,PAYX
VRSK,MPWR,LNG,A,CMI,NUE
COR,KMI,DOW,YUM,PWR,EA
CTVA,MNST,FTNT,PEG,IQV,IR
MSCI,KDP,DDOG,ACGL,SQ,FAST
DELL,GIS,FANG,SYY,CNC,DASH
BKR,RCL,FICO,KVUE,EXC,ODFL
LULU,GEHC,CTSH,BIIB,MLM,LEN
IT,XYL,EXR,VMC,DFS,HPQ
KR,HWM,ROK,ALNY,VRT,ED
DAL,CSGP,DD,CDW,GLW,DVN
EFX,VST,ADM,MTD,XEL,PPG
HIG,ON,AVB,TSCO,DG,HUBS
TRGP,RMD,ANSS,CHTR,TEAM,WAB
HPE,EIX,VICI,CBRE,EBAY,HSY
WTW,HAL,NTAP,VEEV,PINS,IRM
FTV,NDAQ,TROW,KHC,TTWO,CHD
MTB,AWK,LYB,EQR,GRMN,FITB
WEC,DOV,WDC,DECK,IFF,ARES
WST,KEYS,CAH,NET,EL,BR
PHM,TER,RJF,FSLR,ETR,NVR
ZBH,VLTO,DLTR,STE,MSTR,STX
TYL,STT,AXON,SBAC,FE,INVH
VTR,LPLA,WY,PTC,DTE,BRKA
ENTG,BRO,ARE,PPL,BAH,PSTG
ES,CNP,LDOS,GDDY,HUBB,MKL
GPC,CSL,STLD,APTV,GPN,HBAN
CCL,AEE,SYF,CTRA,RBLX,BALL
CINF,TDY,ULTA,PFG,RF,WSM
FCNCA,DRI,DPZ,MKC,CBOE,HEI/A
CPAY,CMS,ATO,EXPD,AVY,MOH
OMC,J,ESS,COO,MDB,ALGN
ZS,HOLX,SNAP,WAT,EME,BAX
LII,LH,SWKS,LUV,CLX,BLDR
MAA,DKNG,ILMN,EG,LVS,WBD
NTRS,BBY,RS,PKG,TXT,EQT
TSN,NRG,MRO,WSO,EXPE,APP
UAL,ZBRA,K,BMRN,FDS,CFG
BURL,IEX,MANH,DGX,LYV,BG
OC,OKTA,VRSN,SUI,WRB,IP
CE,MAS,HOOD,TRU,AVTR,SRPT
UTHR,ROL,PODD,RBA,CASY,ZM
L,FWONK,NBIX,NTNX,RPM,SNA
AKAM,DOC,TRMB,CVNA,CAG,CF
TPL,UDR,RGA,GGG,KEY,EQH
GEN,JBHT,SSNC,KIM,LNT,BF/B
USFD,SW,THC,NI,RVTY,ENPH
NVT,FNF,HST,PNR,NTRA,VTRS
DT,SAIA,JBL,OVV,AES,IBKR
WMS,WING,SWK,NWSA,TW,BLD
LW,WPC,JKHY,TOL,ACM,NDSN
DKS,JNPR,RNR,GLPI,XPO,BJ
CPT,EVRG,KMX,EMN,REG,GWRE
AMH,TXRH,POOL,TECH,ALB,ELF
LKQ,SJM,DOCU,QRVO,CLH,COHR
ELS,APA,TTEK,IPG,ALLY,FIX
ONTO,INSM,LECO,CRL,RIVN,WWD
FTI,ITT,TOST,UHS,MGM,LAMR
EPAM,CW,ALLE,PFGC,MEDP,CHK
CUBE,RPRX,INCY,EWBC,FFIV,FND
TFX,CHRD,AOS,SCI,TPR,FTAI
TTC,ESTC,CHRW,JLL,HII,AR
CTLT,NLY,CACI,OLED,CG,LNW
CNM,MOS,CELH,APG,CHDN,ATR
HRL,ERIE,WTRG,SKX,ANF,CCK
TAP,REXR,WFRD,RRX,ARMK,OWL
FN,TWLO,CPB,MKSI,MUSA,BXP
AFG,PNW,DINO,BBWI,BWXT,KBR
AIZ,EHC,FHN,DCI,WYNN,KNSL
CROX,OHI,FOXA,FRT,SFM,UNM
WBA,SF,RGLD,CZR,HSIC,MORN
EGP,CHE,PRI,NCLH,WCC,FBIN
MTCH,GPK,TREX,CGNX,GNRC,LSCC
NYT,EXAS,BSY,RBC,TPX,GNTX
GME,NNN,KNX,RRC,FCN,HAS
GMED,GL,X,NOV,SEIC,HRB
MKTX,SNX,PR,HQY,ROKU,AXTA
ORI,WBS,AYI,AIT,BRBR,INGR
SWN,TKO,FLR,DAY,WEX,JEF
BWA,DUOL,AAL,PCVX,CLF,EXP
SOLV,EVR,COLD,Z,SSD,HLI
FMC,VOYA,OGE,PAYC,AA,CRBG
ELAN,OSK,ENSG,MSA,CR,BEN
SPSC,CIEN,KEX,ITCI,ATI,BRX
CIVI,LAD,DTM,MTZ,AGNC,ETSY
CRUS,WSC,PCOR,ACI,MTN,AFRM
BPMC,CMA,BRKR,DVA,MTDR,RGEN
HALO,WAL,IOT,LSTR,ALSN,STAG
MIDD,PEN,H,UFPI,PLNT,MTSI
CBSH,NSIT,FYBR,CMC,LEA,IONS
BFAM,MASI,LBRDK,BPOP,RL,SOFI
ARW,CAVA,BERY,CHX,JAZZ,ZION
RHI,RMBS,NXT,SPXC,FR,LFUS
EXEL,ADC,FLS,IVZ,AGCO,FRPT
CYTK,HR,GTLS,CFLT,WTFC,MLI
AZEK,RLI,SAIC,MHK,GXO,KD
OLLI,WH,PVH,ACHC,ESI,VNT
MUR,NOVT,CFR,PNFP,UHAL/B,OMF
RVMD,DAR,SSB,TRNO,S,G
GPS,STWD,SMAR,MTG,FIVE,BECN
SIGI,GKOS,PARA,AAON,OLN,ALTR
CWST,RHP,ESNT,ST,TMHC,LNTH
WLK,MAT,SNV,MTH,PB,VVV
JXN,VKTX,GTLB,WHR,PCTY,RYAN
VMI,SITE,COKE,ONB,BMI,AXS
ESAB,ETRN,BIO,LNC,LPX,DBX
SRCL,CVLT,RITM,PATH,M,TENB
OGN,FAF,MMS,BILL,ALK,NXST
XRAY,CADE,AVAV,MARA,VRNS,HXL
R,FSS,AN,CRS,MDGL,CBT
CCCS,TKR,MDU,POST,AZPN,NE
WTS,AL,SEE,QLYS,SON,APPF
NFG,ATKR,BCPC,AWI,MOD,COOP
KRG,AMG,IBP,AM,SM,HCP
EPRT,FNB,W,BC,UGI,HEI
MOG/A,OPCH,LEN/B,EXPO,KRYS,EXLS
THO,SWX,MMSI,HLNE,RDN,DY
BCC,DLB,IDA,GATX,TMDX,FORM
PBF,VFC,LYFT,AVT,OZK,ACLS
VAL,SLM,FOUR,TDW,ASH,KBH
ABG,U,ITRI,SUM,VNO,EEFT
AMKR,WTM,POR,MGY,UBSI,BCO
WIRE,RYN,CART,HOMB,IRT,JHG
GBCI,VRRM,COLB,FLO,CRDO,ENS
NJR,MATX,ORA,HAE,LOPE,PII
FUL,CSWI,HWC,PTEN,RNA,WU
AEIS,ACIW,ZI,LAZ,ZWS,ACA
MC,FCFS,PECO,THG,HOG,ALKS
APLS,AVNT,INSP,POWI,ASO,AGO
KNF,PIPR,BLKB,RIG,BOOT,WMG
ASGN,RDNT,ITGR,BDC,PSN,GPI
SPR,BROS,FELE,CPRI,SIG,SLG
AAP,HUN,CRC,NEU,KTB,ESGR
BKH,EDR,KMPR,LANC,FFIN,OTTR
BBIO,BYD,KRC,BOX,OGS,ALE
ALTM,MSM,SEM,RH,CNX,HRI
CTRE,COTY,WK,RARE,CNXC,SKY
QTWO,AEO,CBZ,TEX,SBRA,SANM
MSGS,CUZ,KFY,CLSK,STRL,KAI
PRGO,PBH,LSXMK,PI,SYNA,AXNX
WHD,CRNX,LITE,SHAK,TPH,PNM
SLGN,CC,VNOM,ABCB,SLAB,TDC
DXC,MAC,IAC,NOG,HASI,PRMW
GH,GTES,FOX,YETI,HCC,MAN
HP,UMBF,NSP,FROG,GMS,TPG
SMPL,EAT,MHO,FIVN,IBOC,IRTC
LBRT,APLE,GT,ABM,CHH,HIMS
PCH,NWE,DNB,EPR,SKYW,AMR
WD,DIOD,SXT,IOSP,SFBS,ALIT
ENV,BGC,AI,VLY,UCBI,CHWY
ARWR,NPO,TNET,AXSM,RXO,FULT
IIPR,TNL,NEOG,SR,PRCT,PAG
WEN,ASB,AMED,ALRM,SHOO,SKT
VC,CERE,JBT,WDFC,AROC,NUVL
IDCC,CXT,BNL,AUB,FOLD,ADT
HGV,PK,DYN,CWAN,IRDM,DOCS
KTOS,PENN,HL,BXMT,FBP,WSFS
LRN,OSCR,PLXS,ZETA,CNO,HI
WOLF,BRC,NSA,VSH,CDP,NHI
SMG,NVST,MWA,CWT,ICFI,GFF
AX,TCBI,VAC,RRR,HIW,AGR
BHF,RPD,INSW,SG,MGEE,STEP
ESE,GVA,TWST,REZI,FHI,AWR
CVCO,MTX,GNW,URBN,SITC,AVA
BL,ICUI,APAM,NMIH,CORT,FHB
ARCH,FRSH,TNDM,VECO,AIN,AZTA
PRFT,DV,COLM,SQSP,BTU,MGRC
CATY,ZD,UNF,DNLI,MPW,NCNO
LXP,FTDR,HUBG,AGYS,PEGA,ENOV
CACC,PRIM,LCII,ATGE,CBU,NWL
ACVA,TRN,SWTX,CCOI,IDYA,RUN
RYTM,FIBK,AIR,DORM,CALM,ARCB
TGTX,SLVM,BHVN,STRA,NYCB,CRVL
ABR,YELP,AGIO,PFSI,ATMU,GERN
RIOT,ADMA,PJT,OII,DBRG,LCID
CCS,FUN,CLDX,MQ,WAFD,PRGS
NARI,FL,UEC,KSS,STAA,RUSHA
IPGP,CPK,TGNA,BE,SPB,CWK
BF/A,PGNY,CNK,PATK,KWR,PTCT
OSIS,ROAD,LAUR,BOH,BWIN,CVBF
DEI,CEIX,ROG,MTRN,ACLX,BKU
FCPT,VCTR,CARG,RNG,EBC,EVTC
VCEL,CRI,PPBI,UE,ALGM,SAM
SHO,HELE,MYRG,CNMD,BFH,GHC
BOKF,ROCK,SATS,MODG,UCTT,AZZ
INDB,AMBA,AUR,RXST,SITM,EVH
WERN,ENR,JOE,SFNC,JWN,PRK
FOXF,BRZE,ADUS,JOBY,FTRE,ENVX
CNS,MYGN,IPAR,EPAC,OUT,NTLA
PSMT,PINC,SNEX,CALX,IOVA,NFE
SBCF,DRS,FFBC,HNI,ACAD,VERX
MIR,AGL,EPC,PLUS,INFA,B
FRME,IART,CDE,TTMI,AMN,SXI
VSTO,HHH,TNC,AVDX,SMTC,LSXMA
EQC,PRKS,RAMP,NATL,VIRT,GO
MLKN,GPOR,JBLU,PD,DOCN,PRVA
UFPT,MBC,VRNT,LLYVK,PDCO,JJSF
FLYW,PLMR,TDS,GEO,TALO,KMT
PTGX,STR,NVCR,RKT,TOWN,TROX
CWEN,PHIN,TXG,KAR,TFIN,TBBK
SGRY,ASPN,SONO,LGIH,RCM,COMP
OFG,NSSC,LEVI,AKR,RELY,SCL
JBI,INTA,ZG,PFS,ALG,BANC
IMVT,PLUG,UPST,CORZ,FWONA,THS
NEO,CAKE,TRIP,DRH,MGNI,CPRX
GOLF,BLBD,BEAM,ASTH,GRBK,NBTB
HLX,HLMN,YOU,NVAX,VYX,HWKN
OI,CAR,VCYT,RDDT,HAYW,STC
SNDX,BANR,BLMN,WLY,SPT,RCKT
KNTK,RXRX,GNL,CERT,PAR,HURN
ARDX,NGVT,ULS,TRMK,QDEL,PEB
LMAT,RNST,EXTR,MP,DFIN,KVYO
BANF,HBI,ARVN,QS,VSTS,LZB
BATRK,THRM,TDOC,ANDE,RKLB,IBTX
IVT,LTC,WSBC,DO,PZZA,HTLF
UPBD,AGM,DAN,VRTS,CTS,WGO
HLIO,ENVA,CABO,SJW,GEF,VERA
SHC,PAYO,MIRM,VIAV,GBX,OXM
PLAB,REYN,CASH,WRBY,COHU,MXL
DVAX,AMC,DK,XHR,CHCO,LEG
NHC,LKFN,ROIC,MCY,APGE,ARRY
NWBI,TWO,DNOW,EWTX,SYBT,NBHC
AVPT,WKC,NWN,KYMR,EVBG,VSAT
EFSC,NWS,AKRO,KN,HTH,WOR
HLIT,SUPN,CENTA,PRG,LGND,RLJ
JBGS,WT,CHEF,AMPH,CMPR,FBK
VGR,CXW,KROS,HEES,FCF,ELME
ALAB,ARI,PARR,MRCY,VSCO,ASTS
ZUO,PPC,INFN,MEG,DDS,VSEC
UAA,APOG,USPH,HMN,LNN,BHE
KURA,MNKD,VITL,NVEE,UPWK,KALU
ODP,AVDL,PRDO,PWSC,CUBI,RC
NMRK,AMWD,XRX,MORF,PDFS,CODI
MSGE,BCRX,POWL,PLAY,BUSE,APPN
LADR,ALKT,LTH,FBNC,ASAN,NRIX
JAMF,GSHD,NTST,PCRX,CARS,GTY
ALEX,CRGY,WABC,JELD,SDGR,SKWD
NTCT,KFRC,ARLO,AESI,STBA,BKD
OMCL,HUT,FIZZ,WULF,WS,ICHR
HOPE,DEA,ANIP,SOUN,LZ,SLNO
PRO,ESRT,NEXT,MTTR,NAVI,TGI
PMT,VRE,IONQ,LOB,UA,REVG
EIG,CRAI,UTZ,PHR,VTLE,SCS
SPNT,OPEN,CAL,XNCR,UVV,CSGS
PTON,SLCA,SGH,AIV,IESC,ADEA
COCO,SBH,FLNC,LUMN,BKE,TRS
ACMR,CXM,GIII,NWLI,TCBK,SAFT
VBTX,ATRC,KW,MRC,MRTN,JANX
EFC,MFA,MGPI,CNNE,SHLS,WWW
NIC,SAFE,WTTR,SILK,CIM,WINA
SABR,SASR,SCSC,WMK,COLL,JACK
PEBO,ATEC,THR,STEL,HE,EYE
SSTK,UMH,AGX,FBRT,TRNS,QCRH
AAT,SPHR,OCUL,OMI,VIR,KLG
LGF/B,HLF,IMKTA,FDMT,CSR,AHR
ACT,NABL,HIBB,BMBL,CMCO,ATEN
DLX,CWEN/A,CBRL,GPRE,TARS,ETWO
HRMY,AMRC,AORT,GABC,CMTG,BHLB
PLYM,MSEX,LBPH,DBD,IRON,UUUU
CLB,CVI,PFBC,TRUP,PYCR,WNC
ECPG,ECVT,NX,OBK,FSLY,AVNS
LBRDA,ARR,IAS,BLFS,DJT,OCFC
SMR,WAY,MCRI,DX,EEX,BBSI
SNDR,LMND,SMMT,SVC,PDM,MATV
INVA,AMRX,SYM,TPC,FIP,ARHS
ARQT,LC,CRK,RBRK,INDI,AMSF
IRWD,PGRE,EXPI,PBI,ATSG,UDMY
NXRT,CENX,IBRX,QNST,MTUS,PUBM
ALGT,CGEM,CDNA,GSAT,UTL,COGT
AHCO,DAWN,RPAY,RWT,SYRE,VZIO
SBOW,HCI,TILE,BZH,NNI,SHEN
BDN,AMSC,RLAY,FDP,SBSI,MDXG
PUMP,ELVN,FA,XPEL,PRLB,SXC
TTGT,AXL,DNUT,GRC,BELFB,DGII
USM,CIFR,HCSG,RCUS,DCO,PCT
VTOL,AOSL,CECO,MRVI,BXC,SLP
BJRI,SEB,UNFI,MMI,CGON,EMBC
NBR,COUR,JBSS,BV,CLW,SCHL
NMRA,MBIN,CWH,KNSA,IDT,VICR
SNCY,CDRE,ALHC,PRAA,LGF/A,VRDN
CNOB,BFC,LLYVA,LOAR,PWP,SANA
FBMS,UTI,MATW,ERII,RGR,KOP
KGS,DRVN,LQDA,CTBI,AMK,DCOM
USLM,SAH,REX,LESL,CNXN,BSIG
ASTE,MNRO,FMBH,PFC,TFSL,RDFN
IMXI,PLRX,BRSP,CFFN,STOK,NVRI
UNIT,AMTB,MBUU,PRAX,BRKL,AHH
HAYN,EVRI,FG,EGY,SIRI,SEMR
PACS,FIGS,HROW,DHC,MCW,WSR
UWMC,HPP,DXPE,SWBI,ETNB,TVTX
HZO,VVX,GCI,NR,GDEN,HY
OSBC,HOV,HSTM,STGW,HAIN,DRQ
NBBK,GOGO,HFWA,ACHR,NRDS,IMNM
BGS,KELYA,ETD,VVI,PRA,PNTG
MD,HA,AMRK,UVSP,CTKB,SPTN
BASE,SCVL,INN,NOVA,SRRK,RSI
ATRI,RES,EVER,BYON,AMAL,DNTH
SWI,ITOS,BHRB,RVLV,AMPL,DAKT
ASIX,BY,TPB,DIN,TELL,HSII
VREX,PETQ,ZYME,CNDT,MBWM,GDRX
SAVA,NUVB,BTSG,HTLD,AMBC,VMEO
RYI,SRDX,CHCT,CHPT,LEU,GDYN
THRY,LAZR,CSTL,VTS,MLR,EBF
STER,FOR,TMP,NUS,GMRE,ALT
FPI,GSBC,ACEL,GOOD,PTLO,BIGC
GES,DFH,EZPW,CPF,EGBN,ARCT
CFB,CATX,SAGE,IIIN,UHAL,YEXT
LPRO,BFST,NYMT,FWRG,TRTX,CELC
KIND,ATEX,IVR,EOLS,HRTX,CASS
LMB,ALX,ATRO,HTBI,GLDD,IBCP
DMRC,IBTA,INST,RUM,APLD,TRST
HAFC,DJCO,RGNX,LQDT,UHT,FCBC
SVRA,SPRY,SIBN,OLMA,TNGX,NVTS
CRGX,CLFD,BLND,EQBK,MITK,UVE
HONE,USNA,PLOW,CENT,CATC,IIIV
OSPN,ZIMV,BFS,WEST,CCRN,SMP
HCKT,XMTR,DNA,HTBK,KE,CRBP
OFIX,LFST,FWRD,ORC,MCBS,APLT
MYE,TR,LAND,LAB,CDMO,MSBI
RUSHB,SEAT,AIOT,ERAS,TREE,ADPT
CLNE,HBNC,WASH,OSG,CCB,OLO
MCBC,EHAB,CHUY,CAC,GCMG,AGS
CMP,MCB,CCO,ATUS,REPL,ANNX
LASR,MLAB,SMBC,QTRX,NPK,GDOT
KIDS,CRSR,RBCAA,CBL,CEVA,GRNT
SBGI,NTGR,KREF,ARIS,FC,NRC
GTN,LXU,ACCO,PHAT,AVO,BYND
MLNK,ORIC,BWMN,ANAB,CYH,SRI
ZIP,CLBK,CTLP,ZEUS,ATXS,OCGN
OLP,SMRT,EYPT,GRAL,VYGR,ML
DDD,INOD,KALV,WEAV,FMNB,CCNE
CLDT,HTZ,LYTS,ESPR,NBN,YORW
MTW,RDUS,MAX,NKLA,TTI,BRY
NLOP,DENN,CLOV,DHIL,THFF,LXFR
PACB,NGNE,LMNR,NFBK,SRCE,ABUS
PTVE,HGTY,GIC,CVGW,SD,EB
SAVE,YMAB,SHCR,CTO,RGP,PX
ROOT,FLGT,GRPN,CWBC,CTRI,SFIX
EDIT,BHB,MOV,WRLD,AROW,HCAT
OPY,TYRA,URG,MXCT,PKST,NAPA
FULC,HUMA,SHYF,ADTN,KODK,CSV
PGC,FFIC,MEI,LIND,RICK,TWI
CCBG,ARKO,PL,BAND,NVEC,BRDG
SLQT,EBS,OFLX,XPOF,WLDN,FUBO
AAOI,ANIK,PRME,OPK,LWLG,RYAM
AGEN,ALNT,KRUS,HVT,TRC,GNE
FSBC,CARE,ACRE,TIPT,HOUS,NKTX
METC,ALEC,WGS,SHBI,HDSN,XPER
NEWT,BALY,EE,FFWM,GHM,HLVX
KRNY,BOC,VPG,GETY,SMBK,ALRS
VERV,RILY,ODC,AVXL,IRMD,CVLG
APEI,NRIM,TITN,SMHI,GLRE,AVNW
UFCS,NWPX,CRMT,SLRN,ALLO,BBW
ARTNA,FRPH,MNTK,RMR,TSHA,CYRX
LOVE,CCCC,KRRO,ESQ,CHGG,FRBA
MCFT,CABA,ZUMZ,LRMR,CNSL,TBI
FATE,NVRO,TMCI,BOWL,AEHR,DSGR
XERS,PAHC,EWCZ,CERS,ONEW,BSRR
OSUR,NCMI,VNDA,ULH,LINC,CCSI
SENEA,SEZL,CDLX,AXGN,OUST,AMSWA
GCO,AMCX,PAY,RLGT,TBPH,MODV
JSPR,HIFS,FARO,SVV,AAN,NGVC
TCMD,LOCO,ORN,FNKO,ACNB,FSTR
BRCC,DBI,LENZ,RBBN,WOOF,FISI
OKLO,PFIS,TRDA,TERN,RCKY,MPB
SIGA,BATRA,FCEL,PACK,PSTL,HBCP
FSBW,BOOM,MGNX,EVGO,WOW,BCML
HIPO,REPX,LYEL,UP,RBB,PKE
KRO,UNTY,MCS,TWKS,TH,TRML
ENFN,IPI,JRVR,UIS,DH,SGC
FMAO,FBIZ,EGHT,FNA,ENTA,CLMB
MTRX,TALK,OIS,TRUE,SOI,COMM
SPOK,LNZA,CTOS,WSBF,SPFI,RVNC
OABI,RDVT,AMPY,ACCD,GNTY,ORRF
CVLY,PEPG,HPK,REAL,MLYS,AVIR
TCBX,FLWS,CZNC,MED,JILL,ZNTL
NPWR,CIVB,FNLC,TASK,PAL,OMER
IMMR,AVBP,DOMO,MBI,EVLV,WTBA
DCGO,DGICA,BLFY,NGS,REFI,FRST
BMRC,MOFG,AVD,EOSE,PROK,PINE
OOMA,ABSI,SSP,TCRX,UTMD,ULCC
ATNI,CRMD,MAMA,ANGO,GCBC,NKTR
GOSS,RM,SFST,USAP,ITIC,HYLN
IRBT,SDHC,BWB,INZY,PKOH,STRS
EAF,ACIC,LUNG,AMPS,ILPT,ACTG
ZYXI,TRAK,FLIC,CRCT,CBAN,RMNI
QRTEA,THRD,INBK,OB,PBPB,ONTF
ONL,HEAR,NECB,TLS,LEGH,JYNT
ITI,TSBK,CTV,MVIS,ALTG,PCB
BARK,LXRX,EBTC,DAVE,SLDP,FREE
BRT,MG,LUNR,GENC,CDXS,WTI
VABK,MVBF,KRT,AURA,HMST,MRSN
PFMT,TNYA,BTMD,CPS,CZFS,LAKE
SNBR,BPRN,OM,RCEL,WEYS,PGEN
CNTX,AQST,HBT,REI,SKYT,ATLO
SMLR,SGHT,JMSB,BLDE,AOMR,EGAN
RRBI,FORR,HLLY,ASLE,AIP,SEVN
PLBC,ATNM,CLAR,COFS,OBT,CTRN
QUAD,FDBC,OVLY,DXLG,CDXC,XOMA
CRD/B,NATR,CIO,INGN,HOFT,VMD
VRCA,NWFL,ASUR,VLGEA,TPIC,AFCG
BLNK,PLL,RENB,BLZE,ALDX,MITT
NXDT,ACDC,PCYO,FET,INO,BLUE
PLSE,CHRS,LFMD,SCLX,MBCN,CHMG
HNST,PSTX,STEM,GPRO,OBIO,SSBK
PDLB,SVCO,FVCB,BDTX,HNRG,NN
TSVT,CBNK,ARAY,PKBK,NODK,AXTI
SBT,NKSH,AKBA,TCX,SRG,MFIN
FENC,TTSH,APPS,SPIR,MEC,MYPS
RDW,BHR,CTNM,STRO,NPCE,SENS
DCTH,DC,RGCO,GWRS,ALTI,ALXO
SKIN,FLL,SAMG,ZVRA,BVS,HRTG
BWFG,ISTR,CALB,CZWI,OLPX,STTK
OPRX,GLUE,LE,RXT,PEBK,VRA
ABEO,NTIC,BYRN,SPCE,HBB,RMAX
PBFS,RMBI,JOUT,CVGI,QRHC,AFBI
FFNW,SES,SOWG,ZOM,SLDB,LCNB
RNGR,DSP,WLFC,PVBC,STHO,BCBP
CFFI,BBCP,VXRT,WNEB,ARQ,KYTX
CVRX,GPMT,EPM,POWW,LSEA,ATOS
MPLN,NNBR,BCAL,INTT,TWIN,RZLT
ONIT,EVBN,LNKB,MLP,LAW,CCRD
CBUS,BSVN,FRGE,GEVO,KEQU,CRBU
ESSA,BSET,FONR,ATLC,RIGL,CRVO
VIRC,TRVI,RGLS,TLYS,VTGN,ORGO
INFU,FLXS,LCTX,FCCO,UEIC,GBIO
LXEO,TBRG,RELL,CLPT,AOUT,INBX
PAYS,PWOD,ANGI,CTGO,ESCA,FSP
SACH,III,MNSB,EML,CAPR,CSPI
PBYI,GEOS,MYFW,OPBK,NAUT,FUNC
QUIK,VEL,GHLD,STKS,ADVM,FF
LFCR,DIBS,JAKK,ANRO,SNCR,TDUP
PMTS,MASS,PESI,CDZI,ALOT,MRBK
TSQ,NOTE,TG,CMT,AVAH,NATH
ECBK,SKYE,CIA,SPWR,ELMD,TTEC
GRWG,PRCH,EVC,ASRT,RRGB,AEYE
FNCB,EHTH,ULBI,LOGC,SCPH,BFLY
SERA,SMID,RGTI,ME,SSTI,MPAA
STRT,WMPN,REKR,BVFL,HWBK,BKSY
BFIN,CRNC,HBIO,IHRT,LUNA,LCUT
BH,INVE,ARC,ALTO,HFFG,EPSN
DHX,DLHC,HGBL,AMLX,CMPO,FHTX
RAPT,RNAC,EBMT,PTSI,LVO,FRAF
EARN,WHG,SYRS,COYA,ACU,NC
AMTX,OPI,LTRX,MAPS,NREF,PHX
IVVD,SNFCA,VERU,LLAP,INSG,VTYX
SWIM,XBIT,BMEA,INMB,BETR,MDV
QSI,COOK,IGMS,MRAM,GTHX,MOND
ACR,INNV,IDR,FRD,CPSS,EVI
CHMI,BGSF,BCOV,CATO,ASPI,KLTR
ORGN,MHLD,IVAC,ATOM,TELA,KRMD
STXS,CNTY,PYXS,RCMT,HURC,ATHA
ACHV,KPTI,NRDY,SRTS,MPX,AJX
CPHC,XFOR,DM,DOUG,KVHI,ELEV
UFI,KOPN,SUP,OMEX,MNTX,FSFG
VTNR,GALT,CADL,FNWD,WW,ASYS
CRDF,MYO,ABOS,OPTN,ALIM,PRLD
USCB,ATYR,PDSB,GNSS,BCOW,SPWH
PDLI,SEER,BW,CTMX,UBFO,MVST
GLSI,ACNT,CMTL,SGMT,GOEV,SRBK
FGEN,PETS,ASXC,KFS,CLSD,VTSI
RLMD,VUZI,APT,CMRX,PRTH,FINW
OPAD,FXNC,SCWO,OPRT,GIFI,VIGL
PMVP,NDLS,UPLD,ESOA,PXLW,CTXR
FNWB,VSTM,LFT,DSGN,SWKH,CKPT
IDN,ALLK,SCYX,AMWL,ACRS,KOD
RVSB,ACET,BBAI,CLRB,BWEN,VERI
ISSC,ETON,PROV,LWAY,NVNO,BDSX
MCRB,AXR,CMPX,FTK,SKIL,RSSS
AIRG,EXFY,ABAT,FOSL,SGA,DMAC
CRVS,MPTI,PNRG,HQI,FEIM,MESA
AKYA,ANIX,KLXE,TCBC,DTC,BGFV
HYPR,SMTI,BKKT,MRNS,OPAL,UNB
MPU,GAIA,RANI,GRTS,BEEM,PDEX
PPIH,BHM,AEVA,ELDN,PRPH,TZOO
EGRX,CVM,GLT,LFVN,LEE,ALCO
IMUX,OPFI,SCWX,TBNK,TUP,DPSI
TECX,SND,GERNW,DLTH,NSTS,ACRV
HSON,TAYD,FCAP,DNMR,FGBI,BH/A
CLST,BCAB,PRTS,SSBI,HOWL,PRPL
DTIL,IKNA,RMBL,SCOR,CRWS,LDI
CUE,AC,SGMO,KRON,MURA,IPWR
LL,SKLZ,ELUT,STCN,NB,OMGA
WFCF,ANTX,CARM,IPSC,CODX,CIX
HHS,ASMB,SPRU,WRAP,SELF,BIG
PFIE,DOMA,BIRD,SNDA,CULP,EP
STIM,AREC,GSIT,CGTX,KULR,GWH
SPRO,SKYX,LPTH,OTLK,METCB,CLPR
BZFD,ELA,CDTX,LPSN,SLS,ANVS
GORO,LPTX,PSNL,SOND,ZDGE,VOR
MODD,OVID,TLSI,FARM,BRBS,AIRS
SDIG,APYX,QMCO,BYFC,QTTB,LOAN
FORA,MAIA,CODA,RAIL,RMTI,HNNA
UONEK,FSEA,TSBX,ENZ,LTBR,BEAT
BOTJ,CMCT,ALVR,LVLU,AUID,CRIS
AWRE,LNSR,PLCE,MKFG,PHUN,VOXX
PLBY,GNLX,CSBR,TEM,OSS,NOTV
KTCC,LTRN,ABIO,PASG,JOB,SURG
KINS,GENK,ELYM,LPCN,USIO,GROV
GEG,NVCT,NTWK,RENT,KZR,CURI
FLUX,WYY,SRFM,DERM,HYMC,KPLT
ESP,EGIO,RBKB,DIT,CXDO,GOCO
QXO,AHT,CELU,CMBM,CHCI,BKTI
ASRV,OCUP,VCSA,NL,MCHX,CXAI
LIVE,NINE,NTIP,TACT,TUSK,ICAD
IZEA,INUV,MLSS,PET,GROW,RAPP
VATE,NAII,RCAT,NXTC,NICK,TOON
USAU,MTNB,BSBK,ALMS,DRRX,AQMS
IMRX,BNGO,ATRA,FAT,CTSO,ONDS
XTNT,RPHM,CUTR,RVPH,CALC,GTIM
TIL,DYAI,AVTE,AE,RFIL,OESX
ISDR,CMLS,BRFH,HYFM,UAMY,HYZN
EYEN,BRLT,PTN,GUTS,HOOK,ASPS
ONCT,BTAI,IRIX,MRKR,INAB,INTS
IPW,CPBI,DARE,SGRP,IMMX,VHC
TISI,ACXP,DTST,ICCC,QUBT,CVV
ARKR,RLYB,CVU,ELTX,AMPX,DZSI
BATL,BODI,CREX,RFL,VYNE,PBBK
FOA,AADI,RDI,SABS,VANI,PSQH
CCEL,KIRK,SYPR,CPSH,AIRT,XLO
VBFC,PED,MHH,OPHC,WWR,CLNN
TSRI,UG,KOSS,FLNT,FBIO,TRT
WKHS,AUGX,ECOR,GRDI,SLNG,PIII
PDYN,EVTV,BOLT,ULY,SGMA,QNCX
DALN,BRN,BHIL,NEUE,LSBK,SOTK
KSCP,NNVC,WVVI,FTHM,XGN,TARA
DAIO,BMTX,TOI,MEIP,MULN,VLD
TCS,NMTC,FTCI,NERV,ATER,PALT
RBOT,SMSI,SDPI,EVA,FPAY,GLYC
UBX,BOW,BTM,DFLI,CCLD,MXC
VRM,CLIR,GORV,FTEK,PZG,BRID
AIM,ANY,INDP,FSI,STRM,XAIR
NRXP,DXR,MKTW,SRZN,ALGS,CPTN
CONN,RVP,DUOT,APCX,OCX,VRAR
COCP,KORE,CRD/A,AGAE,VIRX,LSTA
AEON,LUMO,CPIX,PPSI,TOMZ,ZVIA
EKSO,CVR,TWOU,TKNO,NUTX,TXMD
PMD,BDL,EQ,RPID,SOHO,BTCS
UNCY,ICD,VGAS,DRCT,JRSH,LOCL
CYTH,GREE,BCLI,NTRB,MBOT,LODE
ASTC,APRE,CARA,FGF,MGRM,ORGS
MOVE,AP,SIEB,TAIT,OMIC,OCC
SPRB,ANEB,BGXX,AMS,ALPP,UGRO
SNSE,LUCD,FBLG,OCEA,FEAM,VTVT
BELFA,CNVS,AWH,AKTS,HNVR,BIAF
FCUV,RMCF,TCRT,RGF,HOFV,XOS
VINC,SHFS,LYRA,PROP,ARMP,HUSA
FBRX,AXDX,NEPH,GAME,BIOR,CLRO
SONM,LGL,DLPN,BLIN,SVT,SDOT
PMCB,ASTR,ATIP,SBEV,MTEX,ISPO
SYBX,DOMH,POCI,BBGI,OWLT,CEI
XELB,SANW,JCTCF,OPTT,MBRX,SSKN
ONVO,SST,VWE,AMPG,PAVM,OPXS
BIVI,BFRG,KALA,TRAW,TLIS,CYN
LPTV,VRME,NCSM,MGX,TCBS,TLPH
INKT,BOLD,USEG,NVOS,RAVE,SQFT
UHG,DSS,CSLR,VNCE,SER,SWAG
AREN,VERY,NSYS,MSS,PRST,FUSB
KNW,NRBO,ICU,SNTI,FATBB,HEPA
SHIM,UONE,LUXH,UPXI,PNBK,CTHR
SIF,INLX,LIFW,ENG,FTLF,PRPO
CETY,STRR,BENF,VIVK,SHPWQ,LINK
NXPL,1843576D,CISO,1766401D,AKLI,GETR
NRXS,GLBZ,AAME,MRDB,SRM,YHGJ
CTNT,GBNY,BMRA,ELSE,TPCS,CKX
CTCX,NYC,TNXP,CWD,MTEM,BFI
XPON,TLF,AGM/A,NXGL,VEEE,SQFTW
MCVT,MSN,PEV,CNFR,HYMCL,WHLM
IPDN,LGL/WS,ARD,SGYPQ,2445568D,ATNX-W
ARAV,BTCSP,NOVS,PNTPQ,FTNW,
