Ticker,Title,Link
UNIT,RBC Capital Sticks to Their Hold Rating for Uniti Group (UNIT),8/29/2024 10:49:19 AM
UNIT,Uniti Group Inc. to Participate at the Citi 2024 Global TMT Conference,8/21/2024 10:15:54 PM
UNIT,"Uniti Group Inc. to Present at the BofA Securities 2024 Media, Communications and Entertainment Conference",8/20/2024 10:15:38 PM
UNIT,Uniti Group stock climbs after Q2 earnings beat as new sale bookings grow,8/1/2024 5:54:54 PM
UNIT,Uniti Group Q2 Earnings Preview,7/31/2024 3:22:49 PM
UNIT,Uniti Group Inc. to Present at the TD Cowen 10th Annual Communications Infrastructure Summit,7/30/2024 10:15:10 PM
UNIT,Uniti Group Inc. To Report Second Quarter 2024 Financial Results and Host Conference Call,7/1/2024 10:15:33 PM
UNIT,Maintained Underperform Rating for Uniti Group Amid Merger Complexities and Long-Term Financial Improvement Horizon,6/6/2024 10:20:56 AM
UNIT,Uniti Group Inc. to Present at the Nareit 2024 REITweek Investor Conference,5/29/2024 10:15:44 PM
UNIT,"Uniti Group Inc. to Present at the TD Cowen 52nd Annual Technology, Media and Telecom Conference",5/22/2024 10:15:57 PM
UNIT,"Uniti Group Inc. to Participate at the J.P. Morgan 52nd Annual Global Technology, Media and Communications Conference",5/15/2024 10:20:55 PM
UNIT,"Analysts’ Opinions Are Mixed on These Real Estate Stocks: Uniti Group (UNIT), Starwood Property (STWD) and CoStar Group (CSGP)",5/9/2024 9:21:31 AM
UNIT,Uniti Group Inc. to Participate at the Goldman Sachs 9th Annual Leveraged Finance and Credit Conference,5/7/2024 10:15:28 PM
UNIT,7 REITs to Sell in May Before They Crash and Burn,5/6/2024 5:18:22 PM
UNIT,"RCAT, SMFL and NUVO among mid-day movers",5/3/2024 4:51:44 PM
UNIT,Uniti Group Q1 Earnings Preview,5/2/2024 3:34:33 PM
UNIT,Uniti Group Inc. To Report First Quarter 2024 Financial Results and Host Conference Call,4/23/2024 10:15:37 PM
UNIT,"Uniti Group Inc. Releases 2023 Environmental, Social and Governance Report",4/11/2024 2:00:52 PM
UNIT,Uniti Announces Network Expansion in Huntsville Through Large Hyperscaler Contract Award,4/10/2024 2:00:16 PM
UNIT,"Analysts Offer Insights on Real Estate Companies: Healthpeak Properties (DOC), Uniti Group (UNIT) and CoStar Group (CSGP)",3/25/2024 10:40:24 AM
UNIT,"Uniti Group Inc. to Participate at the Deutsche Bank 32nd Annual Media, Internet & Telecom Conference",3/5/2024 10:15:11 PM
UNIT,Analysts’ Opinions Are Mixed on These Real Estate Stocks: EPR Properties (EPR) and Uniti Group (UNIT),3/1/2024 10:06:02 AM
UNIT,"Uniti stock slides after Q4 revenue miss, disappointing 2024 guidance",2/29/2024 3:01:02 PM
UNIT,Uniti Group Q4 Earnings Preview,2/28/2024 5:04:17 PM
UNIT,Uniti Group Inc. Declares $0.15 Per Share Quarterly Dividend,2/27/2024 10:15:30 PM
UNIT,Uniti Group Inc. Announces Completion of New ABS Bridge Facility and Recent Asset Sales,2/26/2024 1:00:42 PM
UNIT,"Uniti Group among real estate gainers, Anywhere Real Estate in losers",2/20/2024 5:00:28 PM
UNIT,Uniti gains amid report of talks to merge with Windstream,2/17/2024 10:19:55 PM
UNIT,Uniti Group Inc. To Report Fourth Quarter and Full Year 2023 Financial Results and Host Conference Call,2/13/2024 10:15:42 PM
UNIT,"Medical Properties Trust, Uniti, Ashford Hospitality Trust in real estate gainers",2/12/2024 5:00:21 PM
UNIT,Wall Street's Most Accurate Analysts Say Sell These 3 Real Estate Stocks Delivering High-Dividend Yields,2/5/2024 2:36:47 PM
UNIT,Uniti Group Inc. Announces Tax Reporting Information for 2023 Distributions,1/24/2024 10:15:25 PM
UNIT,Uniti Group (UNIT) Gets a Hold from RBC Capital,1/19/2024 1:48:44 AM
UNIT,3 Minutes To Boost Your Earnings: 3 High-Yielding Dividend Stocks In Real Estate Sector From Wall Street's Most Accurate Analysts,1/3/2024 2:21:04 PM
UNIT,"Analysts’ Top NA Picks: Uniti Group (UNIT), SL Green Realty (SLG)",12/6/2023 10:10:39 AM
UNIT,Uniti Group Inc. to Present at the BofA Securities 2023 Leveraged Finance Conference,11/14/2023 10:15:53 PM
UNIT,Analysts Offer Insights on NA Companies: Angel Oak Mortgage (AOMR) and Uniti Group (UNIT),11/8/2023 10:13:24 AM
UNIT,Analysts Have Conflicting Sentiments on These NA Companies: Hyatt Hotels (H) and Uniti Group (UNIT),11/2/2023 8:40:06 PM
UNIT,Uniti Group Inc. Declares $0.15 Per Share Quarterly Dividend,11/1/2023 9:15:58 PM
UNIT,Uniti Group Inc. to Participate at Nareit’s REITworld 2023 Annual Conference,10/31/2023 9:15:51 PM
UNIT,Uniti Group Inc. To Report Third Quarter 2023 Financial Results and Host Conference Call,10/3/2023 10:15:43 PM
UNIT,Uniti Group Inc. to Present at the Deutsche Bank 31st Annual Leveraged Finance Conference,9/19/2023 10:15:42 PM
UNIT,Why Clearmind Medicine Shares Are Trading Lower By 53%? Here Are Other Stocks Moving In Wednesday's Mid-Day Session,9/14/2023 6:59:38 PM
UNIT,Uniti Group Inc. to Participate at the RBC Capital Markets 2023 Global Communications Infrastructure Conference,9/13/2023 10:15:49 PM
UNIT,Why Toro Are Trading Lower By 14%? Here Are Other Stocks Moving In Thursday's Mid-Day Session,9/7/2023 7:19:11 PM
UNIT,"Uniti Group Inc. to Present at the BofA Securities 2023 Media, Communications and Entertainment Conference",8/30/2023 10:15:26 PM
UNIT,Analysts Offer Insights on NA Companies: Uniti Group (UNIT) and Medical Properties (MPW),8/21/2023 10:40:19 AM
UNIT,Goldman Sachs Remains a Hold on Uniti Group (UNIT),8/8/2023 2:25:26 PM
UNIT,Barclays Gives a Hold Rating to Uniti Group (UNIT),8/4/2023 7:56:05 AM
UNIT,Uniti Group reports mixed Q2 earnings; updates FY23 outlook,8/3/2023 12:08:07 PM
UNIT,Uniti Group Q2 Earnings Preview,8/2/2023 4:20:48 PM
UNIT,Uniti Group declares $0.15 dividend,8/1/2023 8:48:15 PM
UNIT,7 Meme Stocks That Provide Meaningful Income,7/13/2023 10:45:33 AM
UNIT,Check Out 3 High-Yielding Dividend Stocks In Real Estate Sector From Wall Street's Most Accurate Analysts,6/14/2023 2:52:03 PM
UNIT,3 Low-Priced REITs Making Big Moves,6/9/2023 10:09:16 PM
UNIT,Analysts’ Opinions Are Mixed on These NA Stocks: Cousins Properties (CUZ) and Uniti Group (UNIT),6/8/2023 8:11:02 AM
UNIT,"GitLab, Hello Group, Sprinklr, And Other Big Stocks Moving Higher In Tuesday's Pre-Market Session",6/6/2023 1:03:00 PM
UNIT,Where Uniti Group Stands With Analysts,6/1/2023 3:01:46 PM
UNIT,"Uniti Group, Hannon Armstrong, Global Net Lease among financials losers",5/24/2023 4:03:00 PM
UNIT,"Analysts Have Conflicting Sentiments on These Financial Companies: Progressive (PGR), Victory Capital Holdings (VCTR) and Uniti Group (UNIT)",5/8/2023 10:50:35 AM
UNIT,8 Analysts Have This to Say About Uniti Group,5/5/2023 4:01:30 PM
UNIT,Nasdaq Down 50 Points; ConocoPhillips Posts Upbeat Earnings,5/4/2023 9:16:57 PM
UNIT,Uniti Group Q1 Earnings Preview,5/3/2023 4:13:50 PM
UNIT,Uniti Group declares $0.15 dividend,5/2/2023 8:50:52 PM
UNIT,3 Low-Priced REITs With High Yields That Are On Fire,4/21/2023 5:41:24 PM
UNIT,Frontier Communications slides as Morgan Stanley cuts to Underweight on valuation,3/27/2023 2:49:25 PM
UNIT,Top 5 Real Estate Stocks That Could Blast Off In March,3/20/2023 8:09:53 PM
UNIT,Losses from equity REITs narrow as major indices rebound from banking crisis impact,3/18/2023 4:00:00 PM
UNIT,3 Crushed REITs: Are They Bargains Or Yield Traps?,3/17/2023 5:34:40 PM
UNIT,"Uniti Group 6% higher, VEO buys 225K shares",3/10/2023 8:11:26 AM
UNIT,"Analysts Offer Insights on Financial Companies: Comerica (CMA), Healthequity (HQY) and Uniti Group (UNIT)",3/8/2023 1:30:33 PM
UNIT,"Analysts Have Conflicting Sentiments on These Financial Companies: Simon Property (SPG), Goldman Sachs Group (GS) and Uniti Group (UNIT)",3/6/2023 7:04:12 PM
UNIT,Uniti Group (UNIT) Receives a Hold from RBC Capital,3/2/2023 1:46:16 AM
UNIT,"Analysts Conflicted on These Financial Names: Uniti Group (UNIT), Goldman Sachs Group (GS) and Americold Realty (COLD)",2/27/2023 10:50:20 AM
UNIT,"REITs end lower for third straight week, infrastructure, office REITs a drag",2/25/2023 5:00:00 PM
UNIT,Uniti stock falls after Q4 revenue misses consensus estimate,2/24/2023 2:51:36 PM
UNIT,Uniti Group declares $0.15 dividend,2/23/2023 10:21:35 PM
UNIT,"Elliott Management adds stake in two junk bond ETFs, Liberty Broadband in Q4",2/14/2023 10:28:16 PM
UNIT,Wall Street's Most Accurate Analysts Say Hold These 3 Real Estate Stocks Delivering High-Dividend Yields,2/13/2023 3:01:21 PM
UNIT,Uniti Group (UNIT) Gets a Sell from Morgan Stanley,2/7/2023 4:25:24 PM
UNIT,Uniti Group launches senior notes offering,2/2/2023 1:54:32 PM
UNIT,3 Low-Priced REITs With Big Recent Gains,1/26/2023 4:35:55 PM
UNIT,"Most Affordable Stocks In The Real Estate Sector: Uniti Group, CBL & Associates Properties And More",12/21/2022 1:52:39 PM
UNIT,2 Cell Tower REITs With Above-Average Yields: A Great Buy During Coveted Fed Pivot?,12/13/2022 5:50:07 PM
UNIT,Uniti Group Prices Offering Of $300mln Of 7.50% Convertible Senior Notes Due 2027 ,12/8/2022 7:08:02 AM
UNIT,Why Prometheus Biosciences Shares Are Trading Higher By Over 184%? Here Are 55 Stocks Moving In Wednesday's Mid-Day Session,12/7/2022 7:46:00 PM
UNIT,Uniti Group Inc. to Present at the BofA Securities 2022 Leveraged Finance Conference,11/23/2022 10:15:00 PM
UNIT,CTI Towers Announces Acquisition of 180 Wireless Towers from Uniti Group,11/15/2022 2:00:00 PM
UNIT,"Elliott Management adds Triple Flag Precious Metals, exits Diamond Offshore Drilling",11/14/2022 9:50:02 PM
UNIT,Uniti Group Inc. to Participate at Nareit’s REITworld 2022 Annual Conference,11/7/2022 10:15:00 PM
UNIT,Uniti stock dips as adjusted FFO outlook stays same after Q3 beat,11/3/2022 2:27:42 PM
UNIT,Uniti Group Q3 2022 Earnings Preview,11/2/2022 5:12:51 PM
UNIT,Uniti Group Inc. Declares $0.15 Per Share Quarterly Dividend,11/1/2022 9:15:00 PM
UNIT,Uniti Unveils Two New Long Haul Lit Routes,10/12/2022 10:15:00 PM
UNIT,"UNIT, ARCT and MCRB are among after hour movers",10/6/2022 9:14:01 PM
UNIT,"UNIT, WB and TSP are among after hour movers",10/5/2022 9:13:03 PM
UNIT,Uniti Group Inc. To Report Third Quarter 2022 Financial Results and Host Conference Call,9/29/2022 10:15:00 PM
UNIT,Uniti Group Inc. to Present at the Deutsche Bank 30th Annual Leveraged Finance Conference,9/7/2022 10:15:00 PM
UNIT,"Uniti Group Inc. to Present at the Bank of America Securities 2022 Media, Communications & Entertainment Conference",8/30/2022 10:15:00 PM
UNIT,Uniti Certified as a Great Place to Work for the 5th Consecutive Year,8/15/2022 10:15:00 PM
UNIT,Uniti stock slides as adjusted FFO guidance unchanged after Q2 beat,8/4/2022 3:46:18 PM
UNIT,Uniti Group earnings: here's what Wall Street expects,8/3/2022 3:01:13 PM
UNIT,Uniti Group Inc. Declares $0.15 Per Share Quarterly Dividend,8/1/2022 10:15:00 PM
UNIT,Uniti Group Inc. to Present at the Cowen 8th Annual Communications Infrastructure Summit,7/26/2022 10:15:00 PM
UNIT,Uniti Group Inc. To Report Second Quarter 2022 Financial Results and Host Conference Call,6/30/2022 10:15:00 PM
UNIT,Uniti Group Inc. to Present at the Wells Fargo 2022 Streaming & Connectivity Day Conference,6/2/2022 10:15:00 PM
UNIT,Uniti Group Inc. to Present at the Nareit 2022 REITweek Investor Conference,5/24/2022 10:15:00 PM
UNIT,"Uniti Group Inc. to Present at the Cowen 50th Annual Technology, Media & Telecom Conference",5/19/2022 10:15:00 PM
UNIT,"Uniti Group Inc. to Present at the J.P. Morgan 50th Annual Global Technology, Media and Communications Conference",5/11/2022 10:15:00 PM
UNIT,Uniti Group Inc. to Participate at the Barclays 2022 High Yield Bond & Syndicated Loan Conference,5/10/2022 10:15:00 PM
UNIT,Uniti Group Q1 earnings top estimate as demand stays strong,5/5/2022 2:44:09 PM
UNIT,Uniti Group Q1 2022 Earnings Preview,5/4/2022 4:47:11 PM
UNIT,Uniti Group Inc. Declares $0.15 Per Share Quarterly Dividend,5/3/2022 10:15:00 PM
UNIT,"Uniti Group Inc. Releases 2021 Environmental, Social and Governance Report",4/15/2022 10:15:00 PM
UNIT,Uniti Group Inc. To Report First Quarter 2022 Financial Results and Host Conference Call,3/31/2022 10:15:00 PM
UNIT,Uniti’s First Private Wave Channel Product Goes Live in Florida,3/22/2022 9:15:00 PM
UNIT,"Uniti to Serve as Official Business Fiber Sponsor for The World Games 2022 in Birmingham, Alabama",3/15/2022 9:15:00 PM
UNIT,"Uniti Group Inc. to Present at the Deutsche Bank 30th Annual Media, Internet & Telecom Conference",3/8/2022 10:15:00 PM
UNIT,Uniti Group Inc. to Present at the Raymond James 43rd Annual Institutional Investors Conference,3/1/2022 10:15:00 PM
UNIT,93 Biggest Movers From Friday,2/28/2022 10:25:48 AM
UNIT,"Uniti Group stock gains after Q4 earnings beat, strength seen in 2022",2/25/2022 3:59:58 PM
UNIT,Uniti Group Inc. Declares $0.15 Per Share Quarterly Dividend,2/24/2022 10:15:00 PM
UNIT,Notable earnings before Wednesday's open,2/22/2022 3:26:46 PM
UNIT,Uniti Group Inc. to Present at the J.P. Morgan 2022 Global High Yield and Leveraged Finance Conference,2/14/2022 10:15:00 PM
UNIT,Uniti Announces Dark Fiber Sale to Leading Network Infrastructure Provider,1/31/2022 2:00:00 PM
UNIT,Uniti Group Inc. Announces Tax Reporting Information for 2021 Distributions,1/26/2022 10:15:00 PM
UNIT,Uniti Group Inc. To Report Fourth Quarter and Full Year 2021 Financial Results and Host Conference Call,1/21/2022 2:00:00 PM
UNIT,Uniti Signs Long-Haul Dark Fiber Agreement with International Internet Provider,1/18/2022 2:00:00 PM
UNIT,"American Tower, Crown Castle stocks dip after J.P. Morgan downgrades",1/5/2022 2:40:34 PM
UNIT,Uniti Group Inc. to Present at the Citi 2022 AppsEconomy Conference,12/22/2021 10:15:00 PM
UNIT,"Uniti Group Inc. to Present at the Barclays 2021 Global Technology, Media and Telecommunications Conference",11/23/2021 10:15:00 PM
UNIT,Uniti Group Inc. to Present at the Bank of America Securities 2021 Leveraged Finance Conference,11/17/2021 10:15:00 PM
UNIT,Data center REIT stocks climb after two $10B+ deals announced,11/15/2021 4:03:27 PM
UNIT,Uniti Group board looking at ways to separate assets in tax efficient manner,11/4/2021 1:39:44 PM
UNIT,Will Uniti Group Q3 results bring positive surprise?,11/3/2021 4:40:27 PM
UNIT,Uniti Announces New Long-Haul Dark Fiber Route Connecting Key Data Centers in Pittsburgh & Ashburn,10/25/2021 2:00:00 PM
UNIT,Uniti Group Inc. To Report Third Quarter 2021 Financial Results and Host Conference Call,10/5/2021 11:30:00 PM
UNIT,Uniti Group Inc. to Present at the Deutsche Bank 2021 Leveraged Finance Conference,9/29/2021 10:15:00 PM
UNIT,Uniti Group LP -- Moody's assigns Caa2 to Uniti's proposed senior unsecured notes,9/28/2021 3:20:00 PM
UNIT,Uniti Group Inc. to Present at the Goldman Sachs 30th Annual Communacopia Conference,9/14/2021 10:15:00 PM
UNIT,Uniti Group Inc. Names Paul Bullington as Permanent Chief Financial Officer,9/13/2021 2:00:00 PM
UNIT,"Uniti Group Inc. to Present at the Bank of America Securities 2021 Media, Communications & Entertainment Conference",9/9/2021 10:15:00 PM
UNIT,Uniti Group Inc. -- Moody's announces completion of a periodic review of ratings of Uniti Group Inc.,8/30/2021 10:31:00 PM
UNIT,Uniti Announces Launch of Wave Lease Product,8/26/2021 2:00:00 PM
UNIT,Uniti Group Inc. Reports Second Quarter 2021 Results,8/5/2021 10:05:00 PM
UNIT,Uniti Group Inc. Declares $0.15 Per Share Quarterly Dividend,8/3/2021 10:15:00 PM
UNIT,Uniti Group Inc. to Present at the Cowen 7th Annual Communications Infrastructure Summit,7/28/2021 10:15:00 PM
UNIT,Uniti Group Inc. To Report Second Quarter 2021 Financial Results and Host Conference Call,7/1/2021 10:15:00 PM
UNIT,Uniti Group Inc. to Present at the Nareit 2021 REITweek Investor Conference,6/2/2021 10:15:00 PM
UNIT,Uniti Group Inc. Completes Strategic Transaction with Everstream,6/1/2021 10:15:00 PM
UNIT,"Uniti Group Inc. to Present at the Cowen 49th Annual Technology, Media & Telecom Conference",5/26/2021 10:15:00 PM
UNIT,Uniti Group Inc. to Present at Upcoming Investor Conferences,5/20/2021 10:15:00 PM
UNIT,Uniti Group Inc. Reports First Quarter 2021 Results,5/6/2021 10:05:00 PM
UNIT,Uniti Group Inc. Declares $0.15 Per Share Quarterly Dividend,5/4/2021 10:15:00 PM
UNIT,Uniti Group Inc. To Report First Quarter 2021 Financial Results and Host Conference Call,4/15/2021 10:15:00 PM
UNIT,Uniti Group prices $570M debt offering,4/7/2021 2:59:52 PM
UNIT,Uniti Group Inc. -- Moody's assigns B2 to Uniti's proposed senior secured notes,4/6/2021 2:42:00 PM
UNIT,"Uniti Group Inc. Releases First Environmental, Social and Governance Report",4/1/2021 10:15:00 PM
UNIT,"Unit, a tech startup targeting small businesses for unionization, is attracting retail workers looking for modern ways to organize",3/18/2021 3:24:02 PM
UNIT,Uniti Group Inc. to Present at the Citi 2021 Global Property CEO Conference,3/3/2021 10:15:00 PM
UNIT,"Uniti Group Inc. to Present at the Deutsche Bank 29th Annual Media, Internet & Telecom Conference",3/2/2021 10:15:00 PM
UNIT,Uniti Group Inc. Provides 2021 Outlook and Reports Preliminary Fourth Quarter and Full Year 2020 Results,3/1/2021 10:05:00 PM
UNIT,Uniti Group is about to announce earnings — here's what Wall Street expects,2/27/2021 3:01:20 PM
UNIT,Uniti Group Inc. Declares $0.15 Per Share Quarterly Dividend,2/25/2021 10:15:00 PM
UNIT,Uniti Group Inc. to Present at Upcoming Investor Conferences,2/23/2021 10:15:00 PM
UNIT,Uniti Group Inc. To Report Fourth Quarter and Year End 2020 Financial Results and Host Conference Call,2/4/2021 10:15:00 PM
UNIT,Uniti Group Inc. Announces Completion of Notes Offering and Early Settlement of Consent Solicitation and Cash Tender Offer for Any and All of its Outstanding 8.25% Senior Notes Due 2023,2/2/2021 10:15:00 PM
UNIT,Uniti Group Inc. -- Moody's corrects the issuers/borrowers on certain debt obligations issued by Uniti Group LP and its subsidiaries,1/29/2021 11:02:00 PM
UNIT,Uniti Group Inc. Announces Tax Reporting Information for 2020 Distributions,1/26/2021 10:15:00 PM
UNIT,Uniti raised $1.11B through debt capital,1/20/2021 11:15:17 AM
UNIT,Uniti Group LP -- Moody's assigns Caa2 to Uniti's proposed senior unsecured notes,1/19/2021 2:20:00 PM
UNIT,Stocks That Hit 52-Week Highs On Tuesday,1/5/2021 4:26:30 PM
UNIT,Stocks That Hit 52-Week Highs On Monday,1/4/2021 6:58:02 PM
UNIT,Uniti Group Inc. to Present at the Citi 2021 Global TMT West Conference,12/30/2020 10:15:00 PM
UNIT,Uniti Group Inc. Announces Refinancing of its Revolving Credit Facility,12/10/2020 10:15:00 PM
UNIT,7 Real Estate Stocks to Tour Before Year’s End,12/7/2020 3:19:54 PM
UNIT,Dish Network signs fiber deals with four vendors to supply 5G network,11/30/2020 2:21:09 PM
UNIT,Uniti Group Inc. to Present at the Wells Fargo 2020 TMT Summit,11/25/2020 10:15:00 PM
UNIT,Uniti Group Inc. to Present at the Bank of America Securities 2020 Leveraged Finance Conference,11/23/2020 10:15:00 PM
UNIT,"Elliott Management exits Cinemark, AT&T; takes stakes in Cubic, Uniti",11/16/2020 10:32:40 PM
UNIT,Uniti Group Inc. to Present at Nareit’s REITworld 2020 Annual Conference,11/11/2020 10:15:00 PM
UNIT,Uniti to get $135M in Everstream deal; boosts 2020 adjusted EBITDA outlook,11/9/2020 10:17:19 PM
UNIT,Uniti Group Inc. Securities Litigation Case Dismissed in United States District Court,11/5/2020 10:30:00 PM
UNIT,Uniti Group Inc. To Report Third Quarter 2020 Financial Results and Host Conference Call,10/12/2020 10:15:10 PM
UNIT,Uniti Files Prospectus Supplement Solely to Register Resale of Shares Issued in Windstream Settlement,10/9/2020 11:15:10 PM
UNIT,Uniti Group Inc. -- Moody's upgrades Uniti's CFR to B3; outlook changed to stable,10/6/2020 10:21:00 PM
UNIT,Uniti Group Inc. Launches New Nationwide Dark Fiber Services,10/5/2020 10:15:10 PM
UNIT,Uniti Group Inc. to Participate in Deutsche Bank’s 28th Annual Leveraged Finance Conference,9/28/2020 10:15:10 PM
UNIT,Uniti Group Inc. Announces Effectiveness of Settlement of Litigation with Windstream,9/22/2020 12:15:10 AM
UNIT,Uniti Group Inc. to Present at the Goldman Sachs 29th Annual Communacopia Conference,9/3/2020 10:20:10 PM
UNIT,"Uniti Group Inc. to Present at the Bank of America Securities 2020 Media, Communications and Entertainment Conference",8/31/2020 10:15:10 PM
UNIT,Uniti Group Inc. Reports Second Quarter 2020 Results,8/10/2020 10:05:10 PM
UNIT,"Windstream Services, LLC (New) -- Moody's assigns B3 CFR in connection with Windstream's post-bankruptcy exit financing; outlook is stable",8/7/2020 3:55:00 AM
UNIT,Uniti Group Inc. Announces Date Change for Second Quarter 2020 Financial Results and Conference Call,8/6/2020 7:45:10 PM
UNIT,Here's what Wall Street expects from Uniti Group's earnings report,8/5/2020 3:04:13 PM
UNIT,Uniti Group Inc. Declares $0.15 Per Share Quarterly Dividend,8/4/2020 10:15:10 PM
UNIT,Uniti Group Inc. to Present at Cowen 2020 Communications Infrastructure Summit,7/30/2020 10:15:10 PM
UNIT,Uniti Group Inc. -- Moody's places Uniti's ratings on review for upgrade,7/23/2020 12:01:00 AM
UNIT,Uniti Group Inc. To Report Second Quarter 2020 Financial Results and Host Conference Call,7/7/2020 10:15:10 PM
UNIT,Uniti Group Inc. Comments on Court Approval of Windstream’s Plan of Reorganization,6/26/2020 1:30:10 PM
UNIT,Uniti Group Inc. to Participate in the Wells Fargo Securities 2020 Virtual 5G Forum,6/4/2020 10:15:10 PM
UNIT,Uniti completes sale of U.S. towers,6/2/2020 2:05:03 PM
UNIT,Uniti Group Inc. to Present at Nareit’s 2020 REITweek Investor Conference,5/19/2020 10:15:10 PM
UNIT,"Uniti Group Inc. to Present at the Cowen 2020 Technology, Media & Telecom Conference",5/14/2020 10:15:10 PM
UNIT,"NVAX, UNIT, CHK and CRC among midday movers",5/12/2020 4:43:29 PM
UNIT,Uniti Group Inc. Reports First Quarter 2020 Results,5/11/2020 10:05:10 PM
UNIT,Here's what Wall Street expects from Uniti Group's earnings,5/10/2020 3:01:38 PM
UNIT,Bankruptcy judge approves Windstream/Uniti lease settment,5/8/2020 8:13:00 PM
UNIT,What Wall Street expects from Uniti Group's earnings,5/7/2020 3:02:03 PM
UNIT,"With court date ahead, Uniti moves results announcement",5/5/2020 11:09:08 PM
UNIT,"Uniti Group Inc. to Present at the 48th Annual J.P. Morgan Global Technology, Media and Communications Conference",4/30/2020 10:15:10 PM
UNIT,Uniti Fiber Critical Connectivity Initiative,4/29/2020 10:23:03 PM
UNIT,"TSC leads financial gainers, CIT and KFS among losers",4/21/2020 4:56:03 PM
UNIT,Uniti Group Inc. To Report First Quarter 2020 Financial Results and Host Conference Call,4/14/2020 10:15:10 PM
UNIT,"HALL leads financial gainers, LADR and DRH among losers",3/17/2020 5:05:28 PM
UNIT,Windstream expands priority tranche for rights offering,3/16/2020 10:16:31 PM
UNIT,Uniti Group files for mixed shelf,3/13/2020 3:50:38 AM
UNIT,Uniti Group Inc. Reports Fourth Quarter and Full Year 2019 Results,3/12/2020 9:05:00 PM
UNIT,Notable earnings after Thursday's close,3/11/2020 9:35:41 PM
UNIT,"Uniti Group Inc. to Present at the Deutsche Bank 28th Annual Media, Internet & Telecom Conference",3/4/2020 10:15:00 PM
UNIT,Uniti Group Inc. To Report Fourth Quarter and Year End 2019 Financial Results and Host Conference Call,3/3/2020 1:30:00 PM
UNIT,Uniti Group Inc. Declares $0.15 Per Share Quarterly Dividend,3/2/2020 10:15:00 PM
UNIT,"Uniti Group Inc. to Present at the Morgan Stanley 2020 Technology, Media & Telecom Conference",2/26/2020 10:15:00 PM
UNIT,Uniti Group Inc. to Present at the J.P. Morgan 2020 Global High Yield & Leveraged Finance Conference,2/19/2020 10:15:00 PM
UNIT,Windstream releases materials as Uniti mediation accelerates,2/13/2020 3:27:55 PM
UNIT,UNIT leads financial gainers; ATIF and WU the only losers,2/12/2020 6:07:45 PM
UNIT,Uniti Group Inc. Announces Closing of Senior Secured Notes Offering and Effectiveness of Credit Agreement Amendment,2/10/2020 10:15:00 PM
UNIT,Uniti Group Inc. Announces Pricing and Upsizing of Senior Secured Notes Offering,2/6/2020 2:00:00 AM
UNIT,GHL leads financial gainers; GNW and LX among losers,2/5/2020 5:57:41 PM
UNIT,Uniti Group Inc. Announces Tax Reporting Information for 2019 Distributions,1/27/2020 1:00:00 PM
UNIT,Uniti Group Inc. to Present at the Citi 2020 Global TMT West Conference,12/11/2019 10:15:00 PM
UNIT,Uniti Group Inc. to Present at the 2019 Bank of America Merrill Lynch Leveraged Finance Conference,11/12/2019 10:15:00 PM
UNIT,Uniti Group Inc. Reports Third Quarter 2019 Results,11/7/2019 10:05:00 PM
UNIT,Uniti Group Inc. Declares $0.22 Per Share Quarterly Dividend,11/6/2019 10:15:00 PM
UNIT,Uniti Group Inc. to Participate in the Nareit REITworld 2019 Annual Conference,10/15/2019 10:15:00 PM
UNIT,Uniti Group Inc. To Report Third Quarter 2019 Financial Results  and Host Conference Call,10/2/2019 10:15:00 PM
UNIT,Uniti Group Inc. Elects Carmen Perez-Carlton to Board of Directors,10/1/2019 10:15:00 PM
UNIT,Uniti Group Inc. to Present at the Deutsche Bank 27th Annual Leveraged Finance Conference,9/4/2019 10:15:00 PM
UNIT,"Uniti Group Inc. and Macquarie Infrastructure Partners Complete Acquisition of Bluebird Network, LLC",9/3/2019 1:00:00 PM
UNIT,Uniti Group Inc. to Present at the Goldman Sachs 28th Annual Communacopia Conference,8/27/2019 10:15:00 PM
UNIT,"Uniti Group Inc. to Present at the Bank of America Merrill Lynch 2019 Media, Communications & Entertainment Conference",8/14/2019 10:15:00 PM
UNIT,Uniti Group Inc. Reports Second Quarter 2019 Results,8/8/2019 10:05:00 PM
UNIT,Uniti Group Inc. Declares $0.05 Per Share Quarterly Dividend,8/6/2019 10:15:00 PM
UNIT,Uniti Group Inc. Comments on Mediation with Windstream and Files Objection to UMB and U.S. Bank Allegations,7/22/2019 10:15:00 PM
UNIT,Uniti Group Inc. To Report Second Quarter 2019 Financial Results and Host Conference Call,7/9/2019 10:15:00 PM
UNIT,Uniti Group Inc. Comments on UMB and U.S. Bank Filing in Windstream’s Bankruptcy Case,7/1/2019 1:00:00 PM
UNIT,Uniti Group Inc. Announces Closing of Exchangeable Notes Offering and Effectiveness of Revolving Credit Facility Extension,6/28/2019 10:05:00 PM
UNIT,Uniti Group Inc. Announces Pricing of Exchangeable Notes Offering,6/26/2019 1:00:00 PM
UNIT,Uniti Group Inc. Announces Launch of Exchangeable Notes Offering and Extension of Revolving Credit Facility,6/24/2019 10:05:00 PM
UNIT,Uniti Group Inc. to Participate in the Wells Fargo Securities 2019 5G Forum,6/6/2019 10:15:00 PM
UNIT,Uniti Group Inc. to Present at NAREIT’s 2019 REITWeek Investor Conference,5/22/2019 10:15:00 PM
UNIT,"Uniti Group Inc. to Present at the 47th Annual Cowen and Company Technology, Media and Telecom Conference",5/14/2019 10:15:00 PM
UNIT,Uniti Group Inc. Reports First Quarter 2019 Results,5/9/2019 10:05:00 PM
UNIT,Uniti Group Inc. Declares $0.05 Per Share Quarterly Dividend,5/8/2019 10:15:00 PM
UNIT,What Wall Street expects from Uniti Group's earnings,5/7/2019 3:03:14 PM
UNIT,"Uniti Group Inc. to Present at the 47th Annual J.P. Morgan  Global Technology, Media and Communications Conference",4/25/2019 10:15:00 PM
UNIT,Uniti Group Inc. to Report First Quarter 2019 Financial Results and Host Conference Call,4/4/2019 10:15:00 PM
UNIT,Uniti Group Inc. Completes Sale of Latin America Tower Portfolio,4/2/2019 10:15:00 PM
UNIT,Uniti Group Inc. Declares $0.05 Per Share Quarterly Dividend,3/20/2019 9:06:00 PM
UNIT,Uniti Group earnings: here's what Wall Street expects,3/19/2019 3:01:30 PM
UNIT,Uniti Group Inc. Announces Rescheduled Conference Call for Fourth Quarter and Year End 2018 Financial Results,3/18/2019 9:15:00 PM
UNIT,"Windstream Services, LLC (DIP) -- Moody's assigns Baa3 rating to Windstream's DIP facilities",3/8/2019 5:44:00 PM
UNIT,Uniti Group Inc. Postpones Release of Fourth Quarter and Year End 2018 Financial Results and Conference Call,2/28/2019 1:00:00 AM
UNIT,Uniti Group Inc. Comments on Windstream Voluntary Reorganization Under Chapter 11,2/27/2019 2:00:00 PM
UNIT,Uniti Group earnings: here's what Wall Street expects,2/26/2019 3:02:00 PM
UNIT,"Uniti Group Inc. -- Moody's downgrades Uniti to Caa2, outlook remains negative following Windstream's adverse court ruling",2/22/2019 8:49:00 PM
UNIT,Uniti Group Inc. Agrees to Sale of Latin America Tower Portfolio,2/19/2019 10:15:00 PM
UNIT,Uniti Group Inc. Announces Tax Reporting Information for 2018 Distributions,1/24/2019 10:15:00 PM
UNIT,Uniti Group Inc. To Report Fourth Quarter and Year End 2018 Financial Results  and Host Conference Call,1/22/2019 10:15:00 PM
UNIT,Uniti Group Inc. Announces Strategic Transactions,1/15/2019 10:15:00 PM
UNIT,Uniti Group Inc. to Present at the Citi 2019 Global TMT West Conference,1/2/2019 10:15:00 PM
UNIT,Uniti Group Inc. to Present at the Bank of America Merrill Lynch 2018 Leveraged Finance Conference,11/13/2018 10:15:00 PM
UNIT,Uniti Group Inc. Reports Third Quarter 2018 Results,11/1/2018 9:03:00 PM
UNIT,Uniti Group Inc. Declares $0.60 Per Share Quarterly Dividend,10/31/2018 9:15:00 PM
UNIT,Uniti Group earnings: here's what Wall Street expects,10/30/2018 3:03:29 PM
UNIT,Uniti Group Inc. to Participate in NAREIT’s REITWorld 2018 Convention,10/16/2018 10:15:00 PM
UNIT,"Uniti Group Inc. Completes Sale-Leaseback and Fiber Acquisition with CableSouth Media, LLC",10/9/2018 10:15:00 PM
UNIT,Uniti Group Inc. To Report Third Quarter 2018 Financial Results and Host Conference Call,9/27/2018 10:15:00 PM
UNIT,Uniti Group Inc. to Present at the Deutsche Bank  26th Annual Leveraged Finance Conference,9/20/2018 10:15:00 PM
UNIT,Uniti Group Inc. Completes Sale-Leaseback and Fiber Acquisition with U.S. TelePacific Holdings Corp.,9/19/2018 10:15:00 PM
UNIT,Uniti Group Inc. to Present at the Goldman Sachs 27th Annual Communacopia Conference,8/16/2018 10:15:00 PM
UNIT,"Uniti Group Inc. to Present at the Bank of America Merrill Lynch 2018 Media, Communications & Entertainment Conference",8/15/2018 10:15:00 PM
UNIT,Uniti Group Inc. Reports Second Quarter 2018 Results,8/9/2018 10:05:00 PM
UNIT,Uniti Group Inc. Declares $0.60 Per Share Quarterly Dividend,8/8/2018 10:15:00 PM
UNIT,What Wall Street expects from Uniti Group's earnings,8/7/2018 3:03:39 PM
UNIT,"Windstream Services, LLC -- Moody's appends limited default designation to Windstream's PDR",8/3/2018 2:33:00 PM
UNIT,Uniti Group Inc. To Report Second Quarter 2018 Financial Results and Host Conference Call,7/10/2018 10:15:00 PM
UNIT,"Uniti Group Inc. -- Moody's downgrades Uniti to Caa1, outlook remains negative",6/20/2018 12:48:00 AM
UNIT,"Windstream Services, LLC -- Moody's downgrades Windstream to Caa1, rates new second lien notes; outlook remains negative",6/19/2018 11:52:00 PM
UNIT,Uniti Group Inc. to Participate in the Wells Fargo Securities 5G Forum,6/6/2018 10:30:00 PM
UNIT,Uniti Group Inc. to Present at NAREIT’s 2018 REITWeek Investor Conference,5/16/2018 10:15:00 PM
UNIT,Uniti Group Inc. Reports First Quarter 2018 Results,5/10/2018 10:03:00 PM
UNIT,Uniti Group Inc. Declares $0.60 Per Share Quarterly Dividend,5/9/2018 10:15:00 PM
UNIT,Uniti Group Inc. to Present at the Barclays High Yield Bond & Syndicated Loan Conference,4/30/2018 10:15:00 PM
UNIT,"Uniti Group Inc. to Present at the 46th Annual J.P. Morgan Global Technology, Media and Communications Conference",4/26/2018 10:30:00 PM
UNIT,Uniti Group Inc. To Report First Quarter 2018 Financial Results  and Host Conference Call,4/5/2018 10:30:00 PM
UNIT,TPx Communications -- Moody's say's TPx's ratings unchanged following sale and leaseback transaction,3/6/2018 10:09:00 PM
UNIT,Uniti Group Inc. Reports Fourth Quarter and Full Year 2017 ResultsAnnounces Sale-Leaseback and Fiber Acquisition with TPx,3/1/2018 10:02:00 PM
UNIT,"Uniti Group Inc. -- Moody's downgrades Uniti to B3, outlook remains negative",2/28/2018 5:42:00 PM
UNIT,"Uniti Group Inc. to Present at the Deutsche Bank 26th Annual Media, Telecom & Business Services Conference",2/26/2018 2:00:00 PM
UNIT,Uniti Group Inc. Declares $0.60 Per Share Quarterly Dividend,2/7/2018 10:15:00 PM
UNIT,Uniti Group Inc. Announces Tax Reporting Information for 2017 Distributions,1/23/2018 10:15:00 PM
UNIT,Uniti Group Inc. To Report Fourth Quarter and Year End 2017 Financial Results and Host Conference Call,1/8/2018 10:15:00 PM
UNIT,Uniti Group Inc. to Present at the Citi 2018 Global TMT West Conference,1/2/2018 10:57:14 PM
UNIT,"Windstream Services, LLC -- Moody's says the results of Windstream's exchange offer are positive; no immediate impact to the ratings or outlook",12/12/2017 9:16:00 PM
UNIT,"BRIEF-Gran Tierra Energy, unit, Bank of Nova Scotia and lenders party enter into ninth amendment to credit agreement (GTE)",11/14/2017 12:37:04 PM
UNIT,Uniti Group Inc. to Present at the UBS 45th Annual Global Media and Communications Conference,11/13/2017 10:15:00 PM
UNIT,Uniti Group Inc. to Present at the Bank of America Merrill Lynch 2017 Leveraged Finance Conference,11/9/2017 10:15:00 PM
UNIT,Uniti Group Inc. -- Moody's changes Uniti's outlook to negative,11/3/2017 5:23:00 PM
UNIT,Uniti Group Inc. Reports Third Quarter 2017 Results,11/2/2017 9:02:00 PM
UNIT,Uniti Group Inc. Declares $0.60 Per Share Quarterly Dividend,10/31/2017 9:15:00 PM
UNIT,Uniti Group Inc. to Participate in  NAREIT’s REITWorld 2017 Convention,10/24/2017 11:05:00 PM
UNIT,Uniti Group Inc. to Present at the Wells Fargo Securities 2017 Media & Telecom Conference,10/16/2017 10:15:00 PM
UNIT,"BRIEF-Alarm.com - Co, unit, refinanced the $72 mln outstanding under prior revolving credit facility‍​",10/10/2017 11:47:12 PM
UNIT,Uniti Group Inc. To Announce Third Quarter 2017 Financial Results and Host Conference Call,9/28/2017 10:15:00 PM
UNIT,"Windstream Services, LLC -- Moody's says Windstream's noteholder claim notice raises uncertainty, ratings unchanged at B1 negative",9/26/2017 10:29:00 PM
UNIT,Uniti Group Inc. to Present at the Deutsche Bank 25th Annual Leveraged Finance Conference,9/25/2017 10:15:00 PM
UNIT,"Windstream Services, LLC -- Moody's says Windstream's dividend cut will not impact its ratings or negative outlook",8/3/2017 11:25:00 PM
UNIT,"BRIEF-AptarGroup says co, unit, entered into a note purchase and guaranty agreement - SEC filing (ATR)",7/25/2017 12:22:05 PM
UNIT,"BRIEF-Caesars Entertainment, unit, announce approvals from New Jersey",7/14/2017 10:22:03 PM
UNIT,"BRIEF-Goldfield, unit, debtors, BB&T entered into a master loan agreement (GV)",6/12/2017 12:32:05 PM
UNIT,"BRIEF-Oakridge Holdings, unit, Kuckeberg Industries agreed to terminate asset purchase, related management agreements (OKRG)",5/23/2017 12:50:05 PM
UNIT,"How These REIT Stocks are Faring? -- Uniti, STAG Industrial, First Industrial, and Public Storage",4/6/2017 12:55:00 PM
